product_name,product_url,product_seller,product_seller_url,product_brand,product_brand_url,product_price,product_price_url,product_savings
"Redmi 9A (Nature Green, 2GB RAM, 32GB Storage) | 2GHz Octa-core Helio G25 Processor | 5000 mAh Battery",https://www.amazon.in/Redmi-9A-2GB-32GB-Storage/dp/B08696XB4B/ref=sr_1_1?keywords=smartphone&qid=1637599392&sr=8-1,Darshita Etel,https://www.amazon.in/sp?marketplaceID=A21TJRUUN4KGV&seller=AQUYM0O99MFUT&isAmazonFulfilled=1&ref=dp_merchant_link,Brand: Redmi,https://www.amazon.in/Redmi/b/ref=bl_dp_s_web_20930485031?ie=UTF8&node=20930485031&field-lbr_brands_browse-bin=Redmi,,,
"OPPO A31 (Mystery Black, 6GB RAM, 128GB Storage) with No Cost EMI/Additional Exchange Offers",https://www.amazon.in/Oppo-Mystery-Storage-Additional-Exchange/dp/B08444S68L/ref=sr_1_2?keywords=smartphone&qid=1637599392&sr=8-2,Appario Retail Private Ltd,https://www.amazon.in/sp?marketplaceID=A21TJRUUN4KGV&seller=A14CZOWI0VEHLG&isAmazonFulfilled=1&ref=dp_merchant_link,Visit the Oppo Store,https://www.amazon.in/stores/OPPOBRANDSTORE/page/DA7C0308-4E33-4EC0-8B95-AB851D49CB76?ref_=ast_bln,"12,990",https://www.amazon.in/Oppo-Mystery-Storage-Additional-Exchange/dp/B08444S68L/ref=sr_1_2?keywords=smartphone&qid=1637599392&sr=8-2,"Save ₹3,000 (19%)"
"Redmi 9 (Sky Blue, 4GB RAM, 64GB Storage) | 2.3GHz Mediatek Helio G35 Octa core Processor",https://www.amazon.in/Redmi-Sky-Blue-64GB-Storage/dp/B08697N43N/ref=sr_1_3?keywords=smartphone&qid=1637599392&sr=8-3,Darshita Etel,https://www.amazon.in/sp?marketplaceID=A21TJRUUN4KGV&seller=AQUYM0O99MFUT&isAmazonFulfilled=1&ref=dp_merchant_link,Brand: Redmi,https://www.amazon.in/Redmi/b/ref=bl_dp_s_web_20930485031?ie=UTF8&node=20930485031&field-lbr_brands_browse-bin=Redmi,"9,299",https://www.amazon.in/Redmi-Sky-Blue-64GB-Storage/dp/B08697N43N/ref=sr_1_3?keywords=smartphone&qid=1637599392&sr=8-3,"Save ₹1,700 (15%)"
"OPPO A31 (Fantasy White, 6GB RAM, 128GB Storage) with No Cost EMI/Additional Exchange Offers",https://www.amazon.in/Oppo-Fantasy-Storage-Additional-Exchange/dp/B08444SXZ6/ref=sr_1_4?keywords=smartphone&qid=1637599392&sr=8-4,Appario Retail Private Ltd,https://www.amazon.in/sp?marketplaceID=A21TJRUUN4KGV&seller=A14CZOWI0VEHLG&isAmazonFulfilled=1&ref=dp_merchant_link,Visit the Oppo Store,https://www.amazon.in/stores/OPPOBRANDSTORE/page/DA7C0308-4E33-4EC0-8B95-AB851D49CB76?ref_=ast_bln,"12,990",https://www.amazon.in/Oppo-Fantasy-Storage-Additional-Exchange/dp/B08444SXZ6/ref=sr_1_4?keywords=smartphone&qid=1637599392&sr=8-4,"Save ₹3,000 (19%)"
"OPPO A74 5G (Fluid Black,6GB RAM,128GB Storage) - 5G Android Smartphone | 5000 mAh Battery | 18W Fast Charge | 90Hz LCD Display",https://www.amazon.in/OPPO-Fluid-Black-128GB-Storage/dp/B08VB2CMR3/ref=sr_1_5?keywords=smartphone&qid=1637599392&sr=8-5,Appario Retail Private Ltd,https://www.amazon.in/sp?marketplaceID=A21TJRUUN4KGV&seller=A14CZOWI0VEHLG&isAmazonFulfilled=1&ref=dp_merchant_link,Visit the Oppo Store,https://www.amazon.in/stores/OPPOBRANDSTORE/page/DA7C0308-4E33-4EC0-8B95-AB851D49CB76?ref_=ast_bln,"17,990",https://www.amazon.in/OPPO-Fluid-Black-128GB-Storage/dp/B08VB2CMR3/ref=sr_1_5?keywords=smartphone&qid=1637599392&sr=8-5,"Save ₹3,000 (14%)"
"Samsung Galaxy M12 (Blue,4GB RAM, 64GB Storage) 6000 mAh with 8nm Processor | True 48 MP Quad Camera | 90Hz Refresh Rate",https://www.amazon.in/Samsung-Galaxy-M12-Storage-Processor/dp/B08XGDN3TZ/ref=sr_1_6?keywords=smartphone&qid=1637599392&sr=8-6,STPL Exclusive Online,https://www.amazon.in/sp?marketplaceID=A21TJRUUN4KGV&seller=A1EWEIV3F4B24B&isAmazonFulfilled=1&ref=dp_merchant_link,Visit the Samsung Store,https://www.amazon.in/stores/SamsungBrandStore/page/7613B800-61FF-4320-8DEF-4A3711D5E41C?ref_=ast_bln,"11,499",https://www.amazon.in/Samsung-Galaxy-M12-Storage-Processor/dp/B08XGDN3TZ/ref=sr_1_6?keywords=smartphone&qid=1637599392&sr=8-6,"Save ₹1,500 (12%)"
"Panasonic Eluga I6 (Black, 2GB Ram, 16GB Storage) - 3 Month No Cost EMI",https://www.amazon.in/Panasonic-Eluga-Black-16GB-Storage/dp/B085W2YQ1F/ref=sr_1_7?keywords=smartphone&qid=1637599392&sr=8-7,eTrade Online,https://www.amazon.in/sp?marketplaceID=A21TJRUUN4KGV&seller=A2JRT5V3UPLILP&isAmazonFulfilled=1&ref=dp_merchant_link,Visit the Panasonic Store,https://www.amazon.in/stores/Panasonic/page/BD0A5BF4-BC8C-4F75-87D5-BE6A0E9F4BF3?ref_=ast_bln,"5,489",https://www.amazon.in/Panasonic-Eluga-Black-16GB-Storage/dp/B085W2YQ1F/ref=sr_1_7?keywords=smartphone&qid=1637599392&sr=8-7,"Save ₹5,501 (50%)"
"OnePlus Nord CE 5G (Charcoal Ink, 8GB RAM, 128GB Storage)",https://www.amazon.in/OnePlus-Nord-Charcoal-128GB-Storage/dp/B09576CYNP/ref=sr_1_8?keywords=smartphone&qid=1637599392&sr=8-8,Darshita Electronics,https://www.amazon.in/sp?marketplaceID=A21TJRUUN4KGV&seller=A23AODI1X2CEAE&isAmazonFulfilled=1&ref=dp_merchant_link,Visit the OnePlus Store,https://www.amazon.in/stores/OnePlusStore/page/4DAE8B02-A058-466A-8E80-96B9C1682762?ref_=ast_bln,"24,999",https://www.amazon.in/OnePlus-Nord-Charcoal-128GB-Storage/dp/B09576CYNP/ref=sr_1_8?keywords=smartphone&qid=1637599392&sr=8-8,
Redmi 10 Prime (Phantom Black 4GB RAM 64GB | Helio G88 with extendable RAM Upto 2GB | FHD+ 90Hz Adaptive Sync Display),https://www.amazon.in/Redmi-10-Prime-extendable-Adaptive/dp/B09CTYGJSD/ref=sr_1_9?keywords=smartphone&qid=1637599392&sr=8-9,Darshita Electronics,https://www.amazon.in/sp?marketplaceID=A21TJRUUN4KGV&seller=A23AODI1X2CEAE&isAmazonFulfilled=1&ref=dp_merchant_link,Visit the Redmi Store,https://www.amazon.in/stores/Xiaomi/page/7E426C3E-B7D6-4EFA-B615-36E9FF5C0F1C?ref_=ast_bln,"12,499",https://www.amazon.in/Redmi-10-Prime-extendable-Adaptive/dp/B09CTYGJSD/ref=sr_1_9?keywords=smartphone&qid=1637599392&sr=8-9,"Save ₹2,500 (17%)"
"Samsung Galaxy M12 (Black,6GB RAM, 128GB Storage) 6 Months Free Screen Replacement for Prime",https://www.amazon.in/Samsung-Galaxy-M12-Storage-Replacement/dp/B08XJBPCTR/ref=sr_1_10?keywords=smartphone&qid=1637599392&sr=8-10,STPL Exclusive Online,https://www.amazon.in/sp?marketplaceID=A21TJRUUN4KGV&seller=A1EWEIV3F4B24B&isAmazonFulfilled=1&ref=dp_merchant_link,Visit the Samsung Store,https://www.amazon.in/stores/SamsungBrandStore/page/7613B800-61FF-4320-8DEF-4A3711D5E41C?ref_=ast_bln,"13,499",https://www.amazon.in/Samsung-Galaxy-M12-Storage-Replacement/dp/B08XJBPCTR/ref=sr_1_10?keywords=smartphone&qid=1637599392&sr=8-10,"Save ₹2,000 (13%)"
"Samsung Galaxy M32 (Light Blue, 6GB RAM, 128GB Storage) 6 Months Free Screen Replacement for Prime",https://www.amazon.in/Samsung-Galaxy-Storage-Months-Replacement/dp/B096VDR283/ref=sr_1_11?keywords=smartphone&qid=1637599392&sr=8-11,STPL Exclusive Online,https://www.amazon.in/sp?marketplaceID=A21TJRUUN4KGV&seller=A1EWEIV3F4B24B&isAmazonFulfilled=1&ref=dp_merchant_link,Visit the Samsung Store,https://www.amazon.in/stores/SamsungBrandStore/page/7613B800-61FF-4320-8DEF-4A3711D5E41C?ref_=ast_bln,"16,999",https://www.amazon.in/Samsung-Galaxy-Storage-Months-Replacement/dp/B096VDR283/ref=sr_1_11?keywords=smartphone&qid=1637599392&sr=8-11,"Save ₹2,000 (11%)"
"Redmi 9 (Sporty Orange, 4GB RAM, 64GB Storage) | 2.3GHz Mediatek Helio G35 Octa core Processor",https://www.amazon.in/Redmi-Sporty-Orange-64GB-Storage/dp/B08696W3B3/ref=sr_1_12?keywords=smartphone&qid=1637599392&sr=8-12,Darshita Etel,https://www.amazon.in/sp?marketplaceID=A21TJRUUN4KGV&seller=AQUYM0O99MFUT&isAmazonFulfilled=1&ref=dp_merchant_link,Visit the Redmi Store,https://www.amazon.in/stores/Xiaomi/page/7E426C3E-B7D6-4EFA-B615-36E9FF5C0F1C?ref_=ast_bln,"9,299",https://www.amazon.in/Redmi-Sporty-Orange-64GB-Storage/dp/B08696W3B3/ref=sr_1_12?keywords=smartphone&qid=1637599392&sr=8-12,"Save ₹1,700 (15%)"
"Tecno Spark 7T(Jewel Blue, 4GB RAM, 64GB Storage) 6000 mAh Battery| 48 MP AI Dual Rear Camera",https://www.amazon.in/Tecno-Spark-Storage-Battery-Camera/dp/B096LS7N6Z/ref=sr_1_13?keywords=smartphone&qid=1637599392&sr=8-13,Appario Retail Private Ltd,https://www.amazon.in/sp?marketplaceID=A21TJRUUN4KGV&seller=A14CZOWI0VEHLG&isAmazonFulfilled=1&ref=dp_merchant_link,Visit the Tecno Store,https://www.amazon.in/stores/TECNOMobileIndia/page/8EA883B3-BC24-4BDB-8FC5-3E18AE3123AA?ref_=ast_bln,"8,599",https://www.amazon.in/Tecno-Spark-Storage-Battery-Camera/dp/B096LS7N6Z/ref=sr_1_13?keywords=smartphone&qid=1637599392&sr=8-13,"Save ₹2,400 (22%)"
"realme narzo 30 (Racing Blue, 6GB RAM, 128GB Storage) - MediaTek Helio G95 processor I Full HD+ display with No Cost EMI/Additional Exchange Offers",https://www.amazon.in/realme-narzo-Racing-128GB-Storage/dp/B099SJHHQL/ref=sr_1_14?keywords=smartphone&qid=1637599392&sr=8-14,Darshita Electronics,https://www.amazon.in/sp?marketplaceID=A21TJRUUN4KGV&seller=A23AODI1X2CEAE&isAmazonFulfilled=1&ref=dp_merchant_link,Brand: realme,https://www.amazon.in/realme/b/ref=bl_dp_s_web_17500809031?ie=UTF8&node=17500809031&field-lbr_brands_browse-bin=realme,"15,499",https://www.amazon.in/realme-narzo-Racing-128GB-Storage/dp/B099SJHHQL/ref=sr_1_14?keywords=smartphone&qid=1637599392&sr=8-14,"Save ₹1,500 (9%)"
"Tecno Spark 7T(Magnet Black, 4GB RAM,64GB Storage) 6000 mAh Battery| 48 MP AI Dual Rear Camera",https://www.amazon.in/Tecno-Magnet-Storage-Battery-Camera/dp/B096LRGL64/ref=sr_1_15?keywords=smartphone&qid=1637599392&sr=8-15,Appario Retail Private Ltd,https://www.amazon.in/sp?marketplaceID=A21TJRUUN4KGV&seller=A14CZOWI0VEHLG&isAmazonFulfilled=1&ref=dp_merchant_link,Visit the Tecno Store,https://www.amazon.in/stores/TECNOMobileIndia/page/8EA883B3-BC24-4BDB-8FC5-3E18AE3123AA?ref_=ast_bln,"8,599",https://www.amazon.in/Tecno-Magnet-Storage-Battery-Camera/dp/B096LRGL64/ref=sr_1_15?keywords=smartphone&qid=1637599392&sr=8-15,"Save ₹2,400 (22%)"
"realme narzo 50i (Mint Green, 2GB RAM+32GB Storage) - with No Cost EMI/Additional Exchange Offers",https://www.amazon.in/realme-narzo-Mint-Green-Storage/dp/B09FKDH6FS/ref=sr_1_16?keywords=smartphone&qid=1637599392&sr=8-16,Darshita Electronics,https://www.amazon.in/sp?marketplaceID=A21TJRUUN4KGV&seller=A23AODI1X2CEAE&isAmazonFulfilled=1&ref=dp_merchant_link,Brand: realme,https://www.amazon.in/realme/b/ref=bl_dp_s_web_17500809031?ie=UTF8&node=17500809031&field-lbr_brands_browse-bin=realme,"7,499",https://www.amazon.in/realme-narzo-Mint-Green-Storage/dp/B09FKDH6FS/ref=sr_1_16?keywords=smartphone&qid=1637599392&sr=8-16,Save ₹500 (6%)
"Samsung Galaxy M21 2021 Edition (Arctic Blue, 4GB RAM, 64GB Storage) | FHD+ sAMOLED | 6 Months Free Screen Replacement for Prime (SM-M215GLBDINS)",https://www.amazon.in/Samsung-Storage-sAMOLED-Replacement-SM-M215GLBDINS/dp/B098NGDNMT/ref=sr_1_17?keywords=smartphone&qid=1637599595&sr=8-17,STPL Exclusive Online,https://www.amazon.in/sp?marketplaceID=A21TJRUUN4KGV&seller=A1EWEIV3F4B24B&isAmazonFulfilled=1&ref=dp_merchant_link,Visit the Samsung Store,https://www.amazon.in/stores/SamsungBrandStore/page/7613B800-61FF-4320-8DEF-4A3711D5E41C?ref_=ast_bln,"12,999",https://www.amazon.in/Samsung-Storage-sAMOLED-Replacement-SM-M215GLBDINS/dp/B098NGDNMT/ref=sr_1_17?keywords=smartphone&qid=1637599595&sr=8-17,"Save ₹2,000 (13%)"
"Samsung Galaxy M12 (Blue,6GB RAM, 128GB Storage) 6 Months Free Screen Replacement for Prime",https://www.amazon.in/Samsung-Galaxy-M12-Storage-Replacement/dp/B08XJG8MQM/ref=sr_1_18?keywords=smartphone&qid=1637599595&sr=8-18,STPL Exclusive Online,https://www.amazon.in/sp?marketplaceID=A21TJRUUN4KGV&seller=A1EWEIV3F4B24B&isAmazonFulfilled=1&ref=dp_merchant_link,Visit the Samsung Store,https://www.amazon.in/stores/SamsungBrandStore/page/7613B800-61FF-4320-8DEF-4A3711D5E41C?ref_=ast_bln,"13,499",https://www.amazon.in/Samsung-Galaxy-M12-Storage-Replacement/dp/B08XJG8MQM/ref=sr_1_18?keywords=smartphone&qid=1637599595&sr=8-18,"Save ₹2,000 (13%)"
"SHIVANSH VIDEOCON V4005 Black (1GB, 8GB) 3G Smartphone",https://www.amazon.in/SHIVANSH-VIDEOCON-V4005-Black-Smartphone/dp/B09LLMR4BX/ref=sr_1_19?keywords=smartphone&qid=1637599595&sr=8-19,,,Brand: SHIVANSH,https://www.amazon.in/SHIVANSH/b/ref=bl_dp_s_web_17526516031?ie=UTF8&node=17526516031&field-lbr_brands_browse-bin=SHIVANSH,"2,190",https://www.amazon.in/SHIVANSH-VIDEOCON-V4005-Black-Smartphone/dp/B09LLMR4BX/ref=sr_1_19?keywords=smartphone&qid=1637599595&sr=8-19,"Save ₹2,009 (48%)"
"OnePlus Nord 2 5G (Gray Sierra, 8GB RAM, 128GB Storage)",https://www.amazon.in/OnePlus-Nord-Sierra-128GB-Storage/dp/B097RDVDL2/ref=sr_1_20?keywords=smartphone&qid=1637599595&sr=8-20,Darshita Electronics,https://www.amazon.in/sp?marketplaceID=A21TJRUUN4KGV&seller=A23AODI1X2CEAE&isAmazonFulfilled=1&ref=dp_merchant_link,Visit the OnePlus Store,https://www.amazon.in/stores/OnePlusStore/page/4DAE8B02-A058-466A-8E80-96B9C1682762?ref_=ast_bln,"29,999",https://www.amazon.in/OnePlus-Nord-Sierra-128GB-Storage/dp/B097RDVDL2/ref=sr_1_20?keywords=smartphone&qid=1637599595&sr=8-20,
"Tecno Spark Go 2021 (Maldives Blue, 2GB RAM, 32GB Storage) | 5000mAh| 16.56 cm (6.52"") Display Smartphone",https://www.amazon.in/Tecno-Spark-Go-2021-32GB/dp/B097T59Q4S/ref=sr_1_21?keywords=smartphone&qid=1637599595&sr=8-21,Appario Retail Private Ltd,https://www.amazon.in/sp?marketplaceID=A21TJRUUN4KGV&seller=A14CZOWI0VEHLG&isAmazonFulfilled=1&ref=dp_merchant_link,Visit the Tecno Store,https://www.amazon.in/stores/TECNOMobileIndia/page/8EA883B3-BC24-4BDB-8FC5-3E18AE3123AA?ref_=ast_bln,"7,299",https://www.amazon.in/Tecno-Spark-Go-2021-32GB/dp/B097T59Q4S/ref=sr_1_21?keywords=smartphone&qid=1637599595&sr=8-21,"Save ₹1,700 (19%)"
"Samsung Galaxy M12 (Black,4GB RAM, 64GB Storage) 6000 mAh with 8nm Processor | True 48 MP Quad Camera | 90Hz Refresh Rate",https://www.amazon.in/Samsung-Galaxy-M12-Storage-Processor/dp/B08XJCMGL7/ref=sr_1_22?keywords=smartphone&qid=1637599595&sr=8-22,STPL Exclusive Online,https://www.amazon.in/sp?marketplaceID=A21TJRUUN4KGV&seller=A1EWEIV3F4B24B&isAmazonFulfilled=1&ref=dp_merchant_link,Visit the Samsung Store,https://www.amazon.in/stores/SamsungBrandStore/page/7613B800-61FF-4320-8DEF-4A3711D5E41C?ref_=ast_bln,"11,499",https://www.amazon.in/Samsung-Galaxy-M12-Storage-Processor/dp/B08XJCMGL7/ref=sr_1_22?keywords=smartphone&qid=1637599595&sr=8-22,"Save ₹1,500 (12%)"
"Redmi Note 10S (Deep Sea Blue, 6GB RAM, 64GB Storage) -Super Amoled Display | 64 MP Quad Camera | Alexa Built in",https://www.amazon.in/Redmi-Storage-Super-Amoled-Display/dp/B0948NNY3W/ref=sr_1_23?keywords=smartphone&qid=1637599595&sr=8-23,Darshita Mobiles,https://www.amazon.in/sp?marketplaceID=A21TJRUUN4KGV&seller=A1K6XQ7KUWCZYH&isAmazonFulfilled=1&ref=dp_merchant_link,Visit the Redmi Store,https://www.amazon.in/stores/Xiaomi/page/7E426C3E-B7D6-4EFA-B615-36E9FF5C0F1C?ref_=ast_bln,"14,999",https://www.amazon.in/Redmi-Storage-Super-Amoled-Display/dp/B0948NNY3W/ref=sr_1_23?keywords=smartphone&qid=1637599595&sr=8-23,"Save ₹3,500 (19%)"
"Redmi 9 Activ (Metallic Purple, 6GB RAM, 128GB Storage)",https://www.amazon.in/Redmi-Activ-Metallic-Purple-Storage/dp/B09GFMHKX2/ref=sr_1_24?keywords=smartphone&qid=1637599595&sr=8-24,Darshita Electronics,https://www.amazon.in/sp?marketplaceID=A21TJRUUN4KGV&seller=A23AODI1X2CEAE&isAmazonFulfilled=1&ref=dp_merchant_link,Brand: Redmi,https://www.amazon.in/Redmi/b/ref=bl_dp_s_web_20930485031?ie=UTF8&node=20930485031&field-lbr_brands_browse-bin=Redmi,"10,999",https://www.amazon.in/Redmi-Activ-Metallic-Purple-Storage/dp/B09GFMHKX2/ref=sr_1_24?keywords=smartphone&qid=1637599595&sr=8-24,
"realme narzo 50A (Oxygen Blue, 4GB RAM + 128GB Storage) - with No Cost EMI/Additional Exchange Offers",https://www.amazon.in/realme-narzo-Oxygen-128GB-Storage/dp/B09FK8MBMJ/ref=sr_1_25?keywords=smartphone&qid=1637599595&sr=8-25,Darshita Electronics,https://www.amazon.in/sp?marketplaceID=A21TJRUUN4KGV&seller=A23AODI1X2CEAE&isAmazonFulfilled=1&ref=dp_merchant_link,Brand: realme,https://www.amazon.in/realme/b/ref=bl_dp_s_web_17500809031?ie=UTF8&node=17500809031&field-lbr_brands_browse-bin=realme,"12,499",https://www.amazon.in/realme-narzo-Oxygen-128GB-Storage/dp/B09FK8MBMJ/ref=sr_1_25?keywords=smartphone&qid=1637599595&sr=8-25,"Save ₹1,500 (11%)"
"Samsung Galaxy M32 5G (Sky Blue, 6GB RAM, 128GB Storage)",https://www.amazon.in/Samsung-Galaxy-Blue-128GB-Storage/dp/B09CGJK2HG/ref=sr_1_26?keywords=smartphone&qid=1637599595&sr=8-26,STPL Exclusive Online,https://www.amazon.in/sp?marketplaceID=A21TJRUUN4KGV&seller=A1EWEIV3F4B24B&isAmazonFulfilled=1&ref=dp_merchant_link,Visit the Samsung Store,https://www.amazon.in/stores/SamsungBrandStore/page/7613B800-61FF-4320-8DEF-4A3711D5E41C?ref_=ast_bln,"20,999",https://www.amazon.in/Samsung-Galaxy-Blue-128GB-Storage/dp/B09CGJK2HG/ref=sr_1_26?keywords=smartphone&qid=1637599595&sr=8-26,"Save ₹2,991 (12%)"
"realme narzo 50i (Carbon Black, 4GB RAM+64GB Storage) - with No Cost EMI/Additional Exchange Offers",https://www.amazon.in/realme-narzo-Carbon-Black-Storage/dp/B09FKB3446/ref=sr_1_27?keywords=smartphone&qid=1637599595&sr=8-27,Darshita Electronics,https://www.amazon.in/sp?marketplaceID=A21TJRUUN4KGV&seller=A23AODI1X2CEAE&isAmazonFulfilled=1&ref=dp_merchant_link,Brand: realme,https://www.amazon.in/realme/b/ref=bl_dp_s_web_17500809031?ie=UTF8&node=17500809031&field-lbr_brands_browse-bin=realme,"8,999",https://www.amazon.in/realme-narzo-Carbon-Black-Storage/dp/B09FKB3446/ref=sr_1_27?keywords=smartphone&qid=1637599595&sr=8-27,"Save ₹1,000 (10%)"
"realme narzo 50A (Oxygen Blue, 4GB RAM + 64GB Storage) - with No Cost EMI/Additional Exchange Offers",https://www.amazon.in/realme-narzo-Oxygen-Blue-Storage/dp/B09FKD67CS/ref=sr_1_28?keywords=smartphone&qid=1637599595&sr=8-28,Darshita Electronics,https://www.amazon.in/sp?marketplaceID=A21TJRUUN4KGV&seller=A23AODI1X2CEAE&isAmazonFulfilled=1&ref=dp_merchant_link,Brand: realme,https://www.amazon.in/realme/b/ref=bl_dp_s_web_17500809031?ie=UTF8&node=17500809031&field-lbr_brands_browse-bin=realme,"11,499",https://www.amazon.in/realme-narzo-Oxygen-Blue-Storage/dp/B09FKD67CS/ref=sr_1_28?keywords=smartphone&qid=1637599595&sr=8-28,"Save ₹1,500 (12%)"
"iQOO Z3 5G (Ace Black, 6GB RAM, 128GB Storage) | India's First SD 768G 5G Processor | 55W FlashCharge | Upto 9 Months No Cost EMI | 6 Months Free Screen Replacement",https://www.amazon.in/iQOO-Storage-Processor-FlashCharge-Replacement/dp/B07WHR5RKH/ref=sr_1_29?keywords=smartphone&qid=1637599595&sr=8-29,Darshita Etel,https://www.amazon.in/sp?marketplaceID=A21TJRUUN4KGV&seller=AQUYM0O99MFUT&isAmazonFulfilled=1&ref=dp_merchant_link,Visit the iQOO Store,https://www.amazon.in/stores/iQOO/page/291C27A4-502A-463E-A273-D2C362AF312A?ref_=ast_bln,"19,990",https://www.amazon.in/iQOO-Storage-Processor-FlashCharge-Replacement/dp/B07WHR5RKH/ref=sr_1_29?keywords=smartphone&qid=1637599595&sr=8-29,"Save ₹3,000 (13%)"
"iQOO Z5 5G (Mystic Space, 8GB RAM, 128GB Storage) | Snapdragon 778G 5G Processor | 5000mAh Battery | 44W FlashCharge",https://www.amazon.in/iQOO-Storage-Snapdragon-Processor-FlashCharge/dp/B07WJV5KPL/ref=sr_1_30?keywords=smartphone&qid=1637599595&sr=8-30,Darshita Etel,https://www.amazon.in/sp?marketplaceID=A21TJRUUN4KGV&seller=AQUYM0O99MFUT&isAmazonFulfilled=1&ref=dp_merchant_link,Visit the iQOO Store,https://www.amazon.in/stores/iQOO/page/291C27A4-502A-463E-A273-D2C362AF312A?ref_=ast_bln,"23,990",https://www.amazon.in/iQOO-Storage-Snapdragon-Processor-FlashCharge/dp/B07WJV5KPL/ref=sr_1_30?keywords=smartphone&qid=1637599595&sr=8-30,"Save ₹6,000 (20%)"
"I KALL Z5 Smartphone (3GB, 16GB) (Green)",https://www.amazon.in/KALL-Smartphone-3GB-16GB-Green/dp/B09LHCFZSD/ref=sr_1_31?keywords=smartphone&qid=1637599595&sr=8-31,Fabimpex,https://www.amazon.in/sp?marketplaceID=A21TJRUUN4KGV&seller=A3AYYKSFE86IJQ&isAmazonFulfilled=1&ref=dp_merchant_link,Visit the IKALL Store,https://www.amazon.in/stores/IKall/page/9642B09A-B892-4DF6-85FD-C50FCFD7AFFF?ref_=ast_bln,"4,999",https://www.amazon.in/KALL-Smartphone-3GB-16GB-Green/dp/B09LHCFZSD/ref=sr_1_31?keywords=smartphone&qid=1637599595&sr=8-31,"Save ₹1,000 (17%)"
"Samsung Galaxy M32 5G (Sky Blue, 8GB RAM, 128GB Storage)",https://www.amazon.in/Samsung-Galaxy-Blue-128GB-Storage/dp/B09CGJFY5N/ref=sr_1_32?keywords=smartphone&qid=1637599595&sr=8-32,STPL Exclusive Online,https://www.amazon.in/sp?marketplaceID=A21TJRUUN4KGV&seller=A1EWEIV3F4B24B&isAmazonFulfilled=1&ref=dp_merchant_link,Visit the Samsung Store,https://www.amazon.in/stores/SamsungBrandStore/page/7613B800-61FF-4320-8DEF-4A3711D5E41C?ref_=ast_bln,"22,999",https://www.amazon.in/Samsung-Galaxy-Blue-128GB-Storage/dp/B09CGJFY5N/ref=sr_1_32?keywords=smartphone&qid=1637599595&sr=8-32,"Save ₹3,000 (12%)"
"Redmi 9 Activ (Carbon Black, 4GB RAM, 64GB Storage)",https://www.amazon.in/Redmi-Activ-Carbon-Black-Storage/dp/B09GFPVD9Y/ref=sr_1_33?keywords=smartphone&qid=1637599799&sr=8-33,Darshita Electronics,https://www.amazon.in/sp?marketplaceID=A21TJRUUN4KGV&seller=A23AODI1X2CEAE&isAmazonFulfilled=1&ref=dp_merchant_link,Brand: Redmi,https://www.amazon.in/Redmi/b/ref=bl_dp_s_web_20930485031?ie=UTF8&node=20930485031&field-lbr_brands_browse-bin=Redmi,"9,299",https://www.amazon.in/Redmi-Activ-Carbon-Black-Storage/dp/B09GFPVD9Y/ref=sr_1_33?keywords=smartphone&qid=1637599799&sr=8-33,"Save ₹1,700 (15%)"
"Samsung Galaxy M32 (Black, 4GB RAM, 64GB Storage) 6 Months Free Screen Replacement for Prime",https://www.amazon.in/Samsung-Galaxy-Storage-Months-Replacement/dp/B096VDG9QV/ref=sr_1_34?keywords=smartphone&qid=1637599799&sr=8-34,STPL Exclusive Online,https://www.amazon.in/sp?marketplaceID=A21TJRUUN4KGV&seller=A1EWEIV3F4B24B&isAmazonFulfilled=1&ref=dp_merchant_link,Visit the Samsung Store,https://www.amazon.in/stores/SamsungBrandStore/page/7613B800-61FF-4320-8DEF-4A3711D5E41C?ref_=ast_bln,"14,999",https://www.amazon.in/Samsung-Galaxy-Storage-Months-Replacement/dp/B096VDG9QV/ref=sr_1_34?keywords=smartphone&qid=1637599799&sr=8-34,"Save ₹2,000 (12%)"
"OPPO A74 5G (Fantastic Purple,6GB RAM,128GB Storage) - 5G Android Smartphone | 5000 mAh Battery | 18W Fast Charge | 90Hz LCD Display",https://www.amazon.in/OPPO-Fantastic-Purple-128GB-Storage/dp/B08VB34KJ1/ref=sr_1_35?keywords=smartphone&qid=1637599799&sr=8-35,Appario Retail Private Ltd,https://www.amazon.in/sp?marketplaceID=A21TJRUUN4KGV&seller=A14CZOWI0VEHLG&isAmazonFulfilled=1&ref=dp_merchant_link,Visit the Oppo Store,https://www.amazon.in/stores/OPPOBRANDSTORE/page/DA7C0308-4E33-4EC0-8B95-AB851D49CB76?ref_=ast_bln,"17,990",https://www.amazon.in/OPPO-Fantastic-Purple-128GB-Storage/dp/B08VB34KJ1/ref=sr_1_35?keywords=smartphone&qid=1637599799&sr=8-35,"Save ₹3,000 (14%)"
"Samsung Galaxy M21 2021 Edition (Arctic Blue, 6GB RAM, 128GB Storage) | FHD+ sAMOLED | 6 Months Free Screen Replacement for Prime (SM-M215GLBHINS)",https://www.amazon.in/Samsung-Storage-sAMOLED-Replacement-SM-M215GLBHINS/dp/B098NHMPJJ/ref=sr_1_36?keywords=smartphone&qid=1637599799&sr=8-36,STPL Exclusive Online,https://www.amazon.in/sp?marketplaceID=A21TJRUUN4KGV&seller=A1EWEIV3F4B24B&isAmazonFulfilled=1&ref=dp_merchant_link,Visit the Samsung Store,https://www.amazon.in/stores/SamsungBrandStore/page/7613B800-61FF-4320-8DEF-4A3711D5E41C?ref_=ast_bln,"14,999",https://www.amazon.in/Samsung-Storage-sAMOLED-Replacement-SM-M215GLBHINS/dp/B098NHMPJJ/ref=sr_1_36?keywords=smartphone&qid=1637599799&sr=8-36,"Save ₹1,500 (9%)"
"I KALL Z5 Smartphone (3GB, 16GB) (Blue)",https://www.amazon.in/KALL-Smartphone-3GB-16GB-Blue/dp/B09LH4K4RM/ref=sr_1_37?keywords=smartphone&qid=1637599799&sr=8-37,Fabimpex,https://www.amazon.in/sp?marketplaceID=A21TJRUUN4KGV&seller=A3AYYKSFE86IJQ&isAmazonFulfilled=1&ref=dp_merchant_link,Visit the IKALL Store,https://www.amazon.in/stores/IKall/page/9642B09A-B892-4DF6-85FD-C50FCFD7AFFF?ref_=ast_bln,"4,999",https://www.amazon.in/KALL-Smartphone-3GB-16GB-Blue/dp/B09LH4K4RM/ref=sr_1_37?keywords=smartphone&qid=1637599799&sr=8-37,"Save ₹1,000 (17%)"
"Vivo Y21 (Diamond Glow, 4GB RAM, 64GB Storage) with No Cost EMI/Additional Exchange Offers",https://www.amazon.in/Vivo-Y21-Diamond-Additional-Exchange/dp/B08ZJQ6QM9/ref=sr_1_38?keywords=smartphone&qid=1637599799&sr=8-38,Appario Retail Private Ltd,https://www.amazon.in/sp?marketplaceID=A21TJRUUN4KGV&seller=A14CZOWI0VEHLG&isAmazonFulfilled=1&ref=dp_merchant_link,Visit the Vivo Store,https://www.amazon.in/stores/vivo+Mobile+India/page/227AD17E-3069-4977-B0F6-43DFC7B252CC?ref_=ast_bln,"13,990",https://www.amazon.in/Vivo-Y21-Diamond-Additional-Exchange/dp/B08ZJQ6QM9/ref=sr_1_38?keywords=smartphone&qid=1637599799&sr=8-38,"Save ₹4,000 (22%)"
"I KALL Z5 Smartphone (3GB, 16GB) (Pink)",https://www.amazon.in/KALL-Smartphone-3GB-16GB-Pink/dp/B09LH1YWK4/ref=sr_1_39?keywords=smartphone&qid=1637599799&sr=8-39,Fabimpex,https://www.amazon.in/sp?marketplaceID=A21TJRUUN4KGV&seller=A3AYYKSFE86IJQ&isAmazonFulfilled=1&ref=dp_merchant_link,Visit the IKALL Store,https://www.amazon.in/stores/IKall/page/9642B09A-B892-4DF6-85FD-C50FCFD7AFFF?ref_=ast_bln,"4,999",https://www.amazon.in/KALL-Smartphone-3GB-16GB-Pink/dp/B09LH1YWK4/ref=sr_1_39?keywords=smartphone&qid=1637599799&sr=8-39,"Save ₹1,000 (17%)"
"I KALL Z3 Smartphone (4GB, 32GB) (Purple)",https://www.amazon.in/KALL-Smartphone-4GB-32GB-Purple/dp/B09LH93D3J/ref=sr_1_40?keywords=smartphone&qid=1637599799&sr=8-40,,,Visit the IKALL Store,https://www.amazon.in/stores/IKall/page/9642B09A-B892-4DF6-85FD-C50FCFD7AFFF?ref_=ast_bln,"5,899",https://www.amazon.in/KALL-Smartphone-4GB-32GB-Purple/dp/B09LH93D3J/ref=sr_1_40?keywords=smartphone&qid=1637599799&sr=8-40,"Save ₹1,100 (16%)"
"Samsung Galaxy M21 2021 Edition (Charcoal Black, 4GB RAM, 64GB Storage) | FHD+ sAMOLED | 6 Months Free Screen Replacement for Prime (SM-M215GZKDINS)",https://www.amazon.in/Samsung-Charcoal-Storage-Replacement-SM-M215GZKDINS/dp/B098NFJXXL/ref=sr_1_41?keywords=smartphone&qid=1637599799&sr=8-41,STPL Exclusive Online,https://www.amazon.in/sp?marketplaceID=A21TJRUUN4KGV&seller=A1EWEIV3F4B24B&isAmazonFulfilled=1&ref=dp_merchant_link,Visit the Samsung Store,https://www.amazon.in/stores/SamsungBrandStore/page/7613B800-61FF-4320-8DEF-4A3711D5E41C?ref_=ast_bln,"12,999",https://www.amazon.in/Samsung-Charcoal-Storage-Replacement-SM-M215GZKDINS/dp/B098NFJXXL/ref=sr_1_41?keywords=smartphone&qid=1637599799&sr=8-41,"Save ₹1,500 (10%)"
"Samsung Galaxy M31 (Space Black, 8GB RAM, 128GB Storage) 6 Months Free Screen Replacement for Prime",https://www.amazon.in/Samsung-Galaxy-Space-Black-Storage/dp/B07HGLM366/ref=sr_1_42?keywords=smartphone&qid=1637599799&sr=8-42,STPL Exclusive Online,https://www.amazon.in/sp?marketplaceID=A21TJRUUN4KGV&seller=A1EWEIV3F4B24B&isAmazonFulfilled=1&ref=dp_merchant_link,Visit the Samsung Store,https://www.amazon.in/stores/SamsungBrandStore/page/7613B800-61FF-4320-8DEF-4A3711D5E41C?ref_=ast_bln,"16,999",https://www.amazon.in/Samsung-Galaxy-Space-Black-Storage/dp/B07HGLM366/ref=sr_1_42?keywords=smartphone&qid=1637599799&sr=8-42,"Save ₹5,000 (23%)"
"Redmi 8A Dual (Sea Blue, 2GB RAM, 32GB Storage) – Dual Cameras & 5,000 mAH Battery",https://www.amazon.in/Redmi-8A-Dual-Blue-Storage/dp/B07X4R63DF/ref=sr_1_43?keywords=smartphone&qid=1637599799&sr=8-43,,,Brand: Redmi,https://www.amazon.in/Redmi/b/ref=bl_dp_s_web_20930485031?ie=UTF8&node=20930485031&field-lbr_brands_browse-bin=Redmi,,,
"Redmi 9 Activ (Carbon Black, 6GB RAM, 128GB Storage)",https://www.amazon.in/Redmi-Activ-Carbon-Black-Storage/dp/B09GFP6XHG/ref=sr_1_44?keywords=smartphone&qid=1637599799&sr=8-44,#GreenMobiles,https://www.amazon.in/sp?marketplaceID=A21TJRUUN4KGV&seller=A2FS4NK0NQR709&isAmazonFulfilled=1&ref=dp_merchant_link,Brand: Redmi,https://www.amazon.in/Redmi/b/ref=bl_dp_s_web_20930485031?ie=UTF8&node=20930485031&field-lbr_brands_browse-bin=Redmi,"10,999",https://www.amazon.in/Redmi-Activ-Carbon-Black-Storage/dp/B09GFP6XHG/ref=sr_1_44?keywords=smartphone&qid=1637599799&sr=8-44,"Save ₹2,000 (15%)"
"Samsung Galaxy M32 5G (Slate Black, 6GB RAM, 128GB Storage)",https://www.amazon.in/Samsung-Galaxy-Slate-Black-Storage/dp/B09CGLRLYM/ref=sr_1_45?keywords=smartphone&qid=1637599799&sr=8-45,STPL Exclusive Online,https://www.amazon.in/sp?marketplaceID=A21TJRUUN4KGV&seller=A1EWEIV3F4B24B&isAmazonFulfilled=1&ref=dp_merchant_link,Visit the Samsung Store,https://www.amazon.in/stores/SamsungBrandStore/page/7613B800-61FF-4320-8DEF-4A3711D5E41C?ref_=ast_bln,"20,999",https://www.amazon.in/Samsung-Galaxy-Slate-Black-Storage/dp/B09CGLRLYM/ref=sr_1_45?keywords=smartphone&qid=1637599799&sr=8-45,"Save ₹2,991 (12%)"
Lava A1 (Blue Silver),https://www.amazon.in/Lava-A1-Blue-Silver/dp/B09BF91NV5/ref=sr_1_46?keywords=smartphone&qid=1637599799&sr=8-46,Appario Retail Private Ltd,https://www.amazon.in/sp?marketplaceID=A21TJRUUN4KGV&seller=A14CZOWI0VEHLG&isAmazonFulfilled=1&ref=dp_merchant_link,Visit the Lava Store,https://www.amazon.in/stores/Lava/page/E35EAD78-2F48-433E-912B-99160DCC7F58?ref_=ast_bln,999,https://www.amazon.in/Lava-A1-Blue-Silver/dp/B09BF91NV5/ref=sr_1_46?keywords=smartphone&qid=1637599799&sr=8-46,Save ₹280 (22%)
"realme narzo 50A (Oxygen Green, 4GB RAM + 128GB Storage) - with No Cost EMI/Additional Exchange Offers",https://www.amazon.in/realme-narzo-Oxygen-Green-Storage/dp/B09FKDB27R/ref=sr_1_47?keywords=smartphone&qid=1637599799&sr=8-47,Darshita Electronics,https://www.amazon.in/sp?marketplaceID=A21TJRUUN4KGV&seller=A23AODI1X2CEAE&isAmazonFulfilled=1&ref=dp_merchant_link,Brand: realme,https://www.amazon.in/realme/b/ref=bl_dp_s_web_17500809031?ie=UTF8&node=17500809031&field-lbr_brands_browse-bin=realme,"12,499",https://www.amazon.in/realme-narzo-Oxygen-Green-Storage/dp/B09FKDB27R/ref=sr_1_47?keywords=smartphone&qid=1637599799&sr=8-47,"Save ₹1,500 (11%)"
"OnePlus Nord 2 5G (Blue Haze, 8GB RAM, 128GB Storage)",https://www.amazon.in/OnePlus-Nord-Blue-128GB-Storage/dp/B097RD2JX8/ref=sr_1_48?keywords=smartphone&qid=1637599799&sr=8-48,Darshita Electronics,https://www.amazon.in/sp?marketplaceID=A21TJRUUN4KGV&seller=A23AODI1X2CEAE&isAmazonFulfilled=1&ref=dp_merchant_link,Visit the OnePlus Store,https://www.amazon.in/stores/OnePlusStore/page/4DAE8B02-A058-466A-8E80-96B9C1682762?ref_=ast_bln,"29,999",https://www.amazon.in/OnePlus-Nord-Blue-128GB-Storage/dp/B097RD2JX8/ref=sr_1_48?keywords=smartphone&qid=1637599799&sr=8-48,
"Lava Z3 Striped Cyan(3GB RAM, 32GB Storage)",https://www.amazon.in/Lava-Striped-Cyan-32GB-Storage/dp/B09JG89LHZ/ref=sr_1_49?keywords=smartphone&qid=1637600004&sr=8-49,Appario Retail Private Ltd,https://www.amazon.in/sp?marketplaceID=A21TJRUUN4KGV&seller=A14CZOWI0VEHLG&isAmazonFulfilled=1&ref=dp_merchant_link,Visit the Lava Store,https://www.amazon.in/stores/Lava/page/E35EAD78-2F48-433E-912B-99160DCC7F58?ref_=ast_bln,"7,299",https://www.amazon.in/Lava-Striped-Cyan-32GB-Storage/dp/B09JG89LHZ/ref=sr_1_49?keywords=smartphone&qid=1637600004&sr=8-49,"Save ₹1,200 (14%)"
"Lava Z2 (2GB RAM, 32GB Storage)- Aqua Blue, Regular",https://www.amazon.in/Lava-Z2-32GB-Storage-Regular/dp/B08S3ND3CV/ref=sr_1_50?keywords=smartphone&qid=1637600004&sr=8-50,Appario Retail Private Ltd,https://www.amazon.in/sp?marketplaceID=A21TJRUUN4KGV&seller=A14CZOWI0VEHLG&isAmazonFulfilled=1&ref=dp_merchant_link,Visit the Lava Store,https://www.amazon.in/stores/Lava/page/E35EAD78-2F48-433E-912B-99160DCC7F58?ref_=ast_bln,"6,999",https://www.amazon.in/Lava-Z2-32GB-Storage-Regular/dp/B08S3ND3CV/ref=sr_1_50?keywords=smartphone&qid=1637600004&sr=8-50,"Save ₹1,000 (13%)"
"Redmi 9 Activ (Coral Green, 6GB RAM, 128GB Storage)",https://www.amazon.in/Redmi-Activ-Coral-Green-Storage/dp/B09GFMFTHS/ref=sr_1_51?keywords=smartphone&qid=1637600004&sr=8-51,Darshita Electronics,https://www.amazon.in/sp?marketplaceID=A21TJRUUN4KGV&seller=A23AODI1X2CEAE&isAmazonFulfilled=1&ref=dp_merchant_link,Brand: Redmi,https://www.amazon.in/Redmi/b/ref=bl_dp_s_web_20930485031?ie=UTF8&node=20930485031&field-lbr_brands_browse-bin=Redmi,"10,999",https://www.amazon.in/Redmi-Activ-Coral-Green-Storage/dp/B09GFMFTHS/ref=sr_1_51?keywords=smartphone&qid=1637600004&sr=8-51,"Save ₹2,000 (15%)"
"I KALL Z1 Smartphone (4GB, 32GB, 4G Volte, Dual Sim) (Dark Blue)",https://www.amazon.in/KALL-Smartphone-Volte-Dark-Blue/dp/B09GXNC45J/ref=sr_1_52?keywords=smartphone&qid=1637600004&sr=8-52,Fabimpex,https://www.amazon.in/sp?marketplaceID=A21TJRUUN4KGV&seller=A3AYYKSFE86IJQ&isAmazonFulfilled=1&ref=dp_merchant_link,Visit the IKALL Store,https://www.amazon.in/stores/IKall/page/9642B09A-B892-4DF6-85FD-C50FCFD7AFFF?ref_=ast_bln,"5,399",https://www.amazon.in/KALL-Smartphone-Volte-Dark-Blue/dp/B09GXNC45J/ref=sr_1_52?keywords=smartphone&qid=1637600004&sr=8-52,"Save ₹1,100 (17%)"
"I KALL K380 Smartphone (4GB, 32GB) (Purple)",https://www.amazon.in/KALL-K380-Smartphone-32GB-Purple/dp/B09KVCW318/ref=sr_1_53?keywords=smartphone&qid=1637600004&sr=8-53,,,Visit the IKALL Store,https://www.amazon.in/stores/IKall/page/9642B09A-B892-4DF6-85FD-C50FCFD7AFFF?ref_=ast_bln,"5,999",https://www.amazon.in/KALL-K380-Smartphone-32GB-Purple/dp/B09KVCW318/ref=sr_1_53?keywords=smartphone&qid=1637600004&sr=8-53,"Save ₹2,000 (25%)"
"Redmi 9A Sport (Carbon Black, 2GB RAM, 32GB Storage)",https://www.amazon.in/Redmi-9A-Sport-Carbon-Storage/dp/B09GFM8CGS/ref=sr_1_54?keywords=smartphone&qid=1637600004&sr=8-54,Darshita Etel,https://www.amazon.in/sp?marketplaceID=A21TJRUUN4KGV&seller=AQUYM0O99MFUT&isAmazonFulfilled=1&ref=dp_merchant_link,Brand: Redmi,https://www.amazon.in/Redmi/b/ref=bl_dp_s_web_20930485031?ie=UTF8&node=20930485031&field-lbr_brands_browse-bin=Redmi,"7,299",https://www.amazon.in/Redmi-9A-Sport-Carbon-Storage/dp/B09GFM8CGS/ref=sr_1_54?keywords=smartphone&qid=1637600004&sr=8-54,"Save ₹1,200 (14%)"
"Samsung Galaxy F12 (Sea Green, 4GB RAM, 64GB Storage)",https://www.amazon.in/Samsung-Galaxy-F12-Green-Storage/dp/B09J2T6FKW/ref=sr_1_55?keywords=smartphone&qid=1637600004&sr=8-55,Teknolgic,https://www.amazon.in/sp?marketplaceID=A21TJRUUN4KGV&seller=A3GOOA06IMHU0Q&isAmazonFulfilled=1&ref=dp_merchant_link,Brand: Generic,https://www.amazon.in/Generic/b/ref=bl_dp_s_web_6992116031?ie=UTF8&node=6992116031&field-lbr_brands_browse-bin=Generic,"11,340",https://www.amazon.in/Samsung-Galaxy-F12-Green-Storage/dp/B09J2T6FKW/ref=sr_1_55?keywords=smartphone&qid=1637600004&sr=8-55,"Save ₹1,659 (13%)"
"LAVA Z61 Pro (Midnight Blue, 2GB RAM, 16GB Storage)",https://www.amazon.in/LAVA-Z61-Pro-Midnight-Storage/dp/B08D477TGR/ref=sr_1_56?keywords=smartphone&qid=1637600004&sr=8-56,Appario Retail Private Ltd,https://www.amazon.in/sp?marketplaceID=A21TJRUUN4KGV&seller=A14CZOWI0VEHLG&isAmazonFulfilled=1&ref=dp_merchant_link,Visit the Lava Store,https://www.amazon.in/stores/Lava/page/E35EAD78-2F48-433E-912B-99160DCC7F58?ref_=ast_bln,"5,399",https://www.amazon.in/LAVA-Z61-Pro-Midnight-Storage/dp/B08D477TGR/ref=sr_1_56?keywords=smartphone&qid=1637600004&sr=8-56,"Save ₹1,100 (17%)"
"OPPO A31 (Fantasy White, 4GB RAM, 64GB Storage) with No Cost EMI/Additional Exchange Offers",https://www.amazon.in/Fantasy-Storage-Additional-Exchange-Offers/dp/B08444XVNP/ref=sr_1_57?keywords=smartphone&qid=1637600004&sr=8-57,Appario Retail Private Ltd,https://www.amazon.in/sp?marketplaceID=A21TJRUUN4KGV&seller=A14CZOWI0VEHLG&isAmazonFulfilled=1&ref=dp_merchant_link,Visit the Oppo Store,https://www.amazon.in/stores/OPPOBRANDSTORE/page/DA7C0308-4E33-4EC0-8B95-AB851D49CB76?ref_=ast_bln,"11,490",https://www.amazon.in/Fantasy-Storage-Additional-Exchange-Offers/dp/B08444XVNP/ref=sr_1_57?keywords=smartphone&qid=1637600004&sr=8-57,"Save ₹1,500 (12%)"
"Tecno Spark 7T(Nebula Orange, 4GB RAM, 64GB Storage) 6000 mAh Battery| 48 MP AI Dual Rear Camera",https://www.amazon.in/Tecno-Nebula-Orange-Storage-Battery/dp/B096LV43SX/ref=sr_1_58?keywords=smartphone&qid=1637600004&sr=8-58,Appario Retail Private Ltd,https://www.amazon.in/sp?marketplaceID=A21TJRUUN4KGV&seller=A14CZOWI0VEHLG&isAmazonFulfilled=1&ref=dp_merchant_link,Visit the Tecno Store,https://www.amazon.in/stores/TECNOMobileIndia/page/8EA883B3-BC24-4BDB-8FC5-3E18AE3123AA?ref_=ast_bln,"8,599",https://www.amazon.in/Tecno-Nebula-Orange-Storage-Battery/dp/B096LV43SX/ref=sr_1_58?keywords=smartphone&qid=1637600004&sr=8-58,"Save ₹2,400 (22%)"
"Vivo Y1s (Olive Black, 3GB RAM, 32GB Storage) with No Cost EMI/Additional Exchange Offers",https://www.amazon.in/Vivo-Y1s-3GB-RAM-32GB/dp/B08ZMTHXZ9/ref=sr_1_59?keywords=smartphone&qid=1637600004&sr=8-59,Appario Retail Private Ltd,https://www.amazon.in/sp?marketplaceID=A21TJRUUN4KGV&seller=A14CZOWI0VEHLG&isAmazonFulfilled=1&ref=dp_merchant_link,Visit the Vivo Store,https://www.amazon.in/stores/vivo+Mobile+India/page/227AD17E-3069-4977-B0F6-43DFC7B252CC?ref_=ast_bln,"9,490",https://www.amazon.in/Vivo-Y1s-3GB-RAM-32GB/dp/B08ZMTHXZ9/ref=sr_1_59?keywords=smartphone&qid=1637600004&sr=8-59,"Save ₹2,500 (21%)"
"realme C11 (2021) (Cool Blue, 4GB RAM+64GB Storage) with No Cost EMI/Additional Exchange Offers",https://www.amazon.in/realme-Storage-Additional-Exchange-Offers/dp/B09BBH1BDT/ref=sr_1_60?keywords=smartphone&qid=1637600004&sr=8-60,,,Brand: realme,https://www.amazon.in/realme/b/ref=bl_dp_s_web_17500809031?ie=UTF8&node=17500809031&field-lbr_brands_browse-bin=realme,,,
"Lava A1 Josh 21-Dual Sim |Call Blink Notfication |auto Call recoding |Military Grade Certified with 4 Day Battery Backup, Blue Silver",https://www.amazon.in/Lava-Notfication-recoding-Military-Certified/dp/B09BF8JBWX/ref=sr_1_61?keywords=smartphone&qid=1637600004&sr=8-61,Appario Retail Private Ltd,https://www.amazon.in/sp?marketplaceID=A21TJRUUN4KGV&seller=A14CZOWI0VEHLG&isAmazonFulfilled=1&ref=dp_merchant_link,Visit the Lava Store,https://www.amazon.in/stores/Lava/page/E35EAD78-2F48-433E-912B-99160DCC7F58?ref_=ast_bln,959,https://www.amazon.in/Lava-Notfication-recoding-Military-Certified/dp/B09BF8JBWX/ref=sr_1_61?keywords=smartphone&qid=1637600004&sr=8-61,Save ₹290 (23%)
"Tecno Spark Go 2021 (Galaxy Blue 2GB RAM, 32GB Storage)|5000mAh| 16.56 cm (6.52"") Display Smartphone",https://www.amazon.in/Tecno-Spark-Go-2021-32GB/dp/B097T4FFP2/ref=sr_1_62?keywords=smartphone&qid=1637600004&sr=8-62,Appario Retail Private Ltd,https://www.amazon.in/sp?marketplaceID=A21TJRUUN4KGV&seller=A14CZOWI0VEHLG&isAmazonFulfilled=1&ref=dp_merchant_link,Visit the Tecno Store,https://www.amazon.in/stores/TECNOMobileIndia/page/8EA883B3-BC24-4BDB-8FC5-3E18AE3123AA?ref_=ast_bln,"7,299",https://www.amazon.in/Tecno-Spark-Go-2021-32GB/dp/B097T4FFP2/ref=sr_1_62?keywords=smartphone&qid=1637600004&sr=8-62,"Save ₹1,700 (19%)"
"Redmi Note 10 Pro (Dark Night, 8GB RAM, 128GB Storage) -120hz Super Amoled Display | 64MP with 5MP Super Tele-Macro",https://www.amazon.in/Test-Exclusive_2020_1154-Multi-3GB-Storage/dp/B089MTR9K7/ref=sr_1_63?keywords=smartphone&qid=1637600004&sr=8-63,Darshita Etel,https://www.amazon.in/sp?marketplaceID=A21TJRUUN4KGV&seller=AQUYM0O99MFUT&isAmazonFulfilled=1&ref=dp_merchant_link,Visit the Redmi Store,https://www.amazon.in/stores/Xiaomi/page/7E426C3E-B7D6-4EFA-B615-36E9FF5C0F1C?ref_=ast_bln,"18,999",https://www.amazon.in/Test-Exclusive_2020_1154-Multi-3GB-Storage/dp/B089MTR9K7/ref=sr_1_63?keywords=smartphone&qid=1637600004&sr=8-63,"Save ₹3,000 (14%)"
Xifo Aimi Note 8 (4GB / 64 GB) with 6.26 Inch Touchscreen and 5000 mAh Smartphone (Fantasy Violet),https://www.amazon.in/Xifo-Touchscreen-Smartphone-Fantasy-Violet/dp/B09M6B8DTG/ref=sr_1_64?keywords=smartphone&qid=1637600004&sr=8-64,Surya products,https://www.amazon.in/sp?marketplaceID=A21TJRUUN4KGV&seller=A3MQIWDELSY5P3&isAmazonFulfilled=1&ref=dp_merchant_link,Brand: Xifo,https://www.amazon.in/Xifo/b/ref=bl_dp_s_web_20397390031?ie=UTF8&node=20397390031&field-lbr_brands_browse-bin=Xifo,"6,999",https://www.amazon.in/Xifo-Touchscreen-Smartphone-Fantasy-Violet/dp/B09M6B8DTG/ref=sr_1_64?keywords=smartphone&qid=1637600004&sr=8-64,"Save ₹8,000 (53%)"
"I KALL Z1 Smartphone (4GB, 32GB) (Dark Blue)",https://www.amazon.in/KALL-Smartphone-32GB-Dark-Blue/dp/B09LH5NQK8/ref=sr_1_65?keywords=smartphone&qid=1637600207&sr=8-65,Fabimpex,https://www.amazon.in/sp?marketplaceID=A21TJRUUN4KGV&seller=A3AYYKSFE86IJQ&isAmazonFulfilled=1&ref=dp_merchant_link,Visit the IKALL Store,https://www.amazon.in/stores/IKall/page/9642B09A-B892-4DF6-85FD-C50FCFD7AFFF?ref_=ast_bln,"5,399",https://www.amazon.in/KALL-Smartphone-32GB-Dark-Blue/dp/B09LH5NQK8/ref=sr_1_65?keywords=smartphone&qid=1637600207&sr=8-65,"Save ₹1,100 (17%)"
"Redmi Note 10 Lite (Aurora Blue, 4GB RAM, 64GB Storage) | Alexa Built-in",https://www.amazon.in/Redmi-Note-10-Lite-Storage/dp/B09H5PQ738/ref=sr_1_66?keywords=smartphone&qid=1637600207&sr=8-66,Darshita Mobiles,https://www.amazon.in/sp?marketplaceID=A21TJRUUN4KGV&seller=A1K6XQ7KUWCZYH&isAmazonFulfilled=1&ref=dp_merchant_link,Brand: Redmi,https://www.amazon.in/Redmi/b/ref=bl_dp_s_web_20930485031?ie=UTF8&node=20930485031&field-lbr_brands_browse-bin=Redmi,"12,999",https://www.amazon.in/Redmi-Note-10-Lite-Storage/dp/B09H5PQ738/ref=sr_1_66?keywords=smartphone&qid=1637600207&sr=8-66,"Save ₹4,000 (24%)"
"I KALL Z1 Smartphone (4GB, 32GB, 4G Volte, Dual Sim) (Sky Blue)",https://www.amazon.in/KALL-Smartphone-Volte-Sky-Blue/dp/B09GXRD39R/ref=sr_1_67?keywords=smartphone&qid=1637600207&sr=8-67,Fabimpex,https://www.amazon.in/sp?marketplaceID=A21TJRUUN4KGV&seller=A3AYYKSFE86IJQ&isAmazonFulfilled=1&ref=dp_merchant_link,Visit the IKALL Store,https://www.amazon.in/stores/IKall/page/9642B09A-B892-4DF6-85FD-C50FCFD7AFFF?ref_=ast_bln,"5,399",https://www.amazon.in/KALL-Smartphone-Volte-Sky-Blue/dp/B09GXRD39R/ref=sr_1_67?keywords=smartphone&qid=1637600207&sr=8-67,"Save ₹1,100 (17%)"
"Vivo V21e 5G (Dark Pearl, 8GB RAM, 128GB Storage) with No Cost EMI/Additional Exchange Offers",https://www.amazon.in/Vivo-V21e-8GB-RAM-128GB/dp/B08ZMTJMLN/ref=sr_1_68?keywords=smartphone&qid=1637600207&sr=8-68,Appario Retail Private Ltd,https://www.amazon.in/sp?marketplaceID=A21TJRUUN4KGV&seller=A14CZOWI0VEHLG&isAmazonFulfilled=1&ref=dp_merchant_link,Visit the Vivo Store,https://www.amazon.in/stores/vivo+Mobile+India/page/227AD17E-3069-4977-B0F6-43DFC7B252CC?ref_=ast_bln,"24,990",https://www.amazon.in/Vivo-V21e-8GB-RAM-128GB/dp/B08ZMTJMLN/ref=sr_1_68?keywords=smartphone&qid=1637600207&sr=8-68,"Save ₹3,000 (11%)"
Redmi 10 Prime (Astral White 4GB RAM 64GB ROM |Helio G88 with extendable RAM Upto 2GB |FHD+ 90Hz Adaptive Sync Display),https://www.amazon.in/Redmi-10-Prime-extendable-Adaptive/dp/B09CTY7TGF/ref=sr_1_69?keywords=smartphone&qid=1637600207&sr=8-69,Darshita Electronics,https://www.amazon.in/sp?marketplaceID=A21TJRUUN4KGV&seller=A23AODI1X2CEAE&isAmazonFulfilled=1&ref=dp_merchant_link,Visit the Redmi Store,https://www.amazon.in/stores/Xiaomi/page/7E426C3E-B7D6-4EFA-B615-36E9FF5C0F1C?ref_=ast_bln,"12,499",https://www.amazon.in/Redmi-10-Prime-extendable-Adaptive/dp/B09CTY7TGF/ref=sr_1_69?keywords=smartphone&qid=1637600207&sr=8-69,"Save ₹2,500 (17%)"
"Redmi Note 10 Pro (Glacial Blue, 8GB RAM, 128GB Storage) -120hz Super Amoled Display|64MP with 5mp Super Tele- Marcro",https://www.amazon.in/Test-Exclusive_2020_1155-Multi-3GB-Storage/dp/B089MSPF7Q/ref=sr_1_70?keywords=smartphone&qid=1637600207&sr=8-70,Darshita Etel,https://www.amazon.in/sp?marketplaceID=A21TJRUUN4KGV&seller=AQUYM0O99MFUT&isAmazonFulfilled=1&ref=dp_merchant_link,Visit the Redmi Store,https://www.amazon.in/stores/Xiaomi/page/7E426C3E-B7D6-4EFA-B615-36E9FF5C0F1C?ref_=ast_bln,"18,999",https://www.amazon.in/Test-Exclusive_2020_1155-Multi-3GB-Storage/dp/B089MSPF7Q/ref=sr_1_70?keywords=smartphone&qid=1637600207&sr=8-70,"Save ₹3,000 (14%)"
"Lava Z3 Striped Blue (3GB RAM, 32GB Storage)",https://www.amazon.in/Lava-Striped-Blue-32GB-Storage/dp/B09JGCFLGY/ref=sr_1_71?keywords=smartphone&qid=1637600207&sr=8-71,Appario Retail Private Ltd,https://www.amazon.in/sp?marketplaceID=A21TJRUUN4KGV&seller=A14CZOWI0VEHLG&isAmazonFulfilled=1&ref=dp_merchant_link,Visit the Lava Store,https://www.amazon.in/stores/Lava/page/E35EAD78-2F48-433E-912B-99160DCC7F58?ref_=ast_bln,"7,299",https://www.amazon.in/Lava-Striped-Blue-32GB-Storage/dp/B09JGCFLGY/ref=sr_1_71?keywords=smartphone&qid=1637600207&sr=8-71,"Save ₹1,200 (14%)"
"Tecno Spark 7 (Magnet Black, 2GB RAM, 32 GB Storage) - 6000mAh Battery|16 MP Dual Camera| 6.52” Dot Notch Display",https://www.amazon.in/Tecno-Spark-Magnet-Black-Storage/dp/B091FL32FW/ref=sr_1_72?keywords=smartphone&qid=1637600207&sr=8-72,Appario Retail Private Ltd,https://www.amazon.in/sp?marketplaceID=A21TJRUUN4KGV&seller=A14CZOWI0VEHLG&isAmazonFulfilled=1&ref=dp_merchant_link,Visit the Tecno Store,https://www.amazon.in/stores/TECNOMobileIndia/page/8EA883B3-BC24-4BDB-8FC5-3E18AE3123AA?ref_=ast_bln,"7,699",https://www.amazon.in/Tecno-Spark-Magnet-Black-Storage/dp/B091FL32FW/ref=sr_1_72?keywords=smartphone&qid=1637600207&sr=8-72,"Save ₹1,300 (14%)"
"Samsung Galaxy M32 (Black, 6GB RAM, 128GB Storage) 6 Months Free Screen Replacement for Prime",https://www.amazon.in/Samsung-Galaxy-Storage-Months-Replacement/dp/B096VD6RQG/ref=sr_1_73?keywords=smartphone&qid=1637600207&sr=8-73,STPL Exclusive Online,https://www.amazon.in/sp?marketplaceID=A21TJRUUN4KGV&seller=A1EWEIV3F4B24B&isAmazonFulfilled=1&ref=dp_merchant_link,Visit the Samsung Store,https://www.amazon.in/stores/SamsungBrandStore/page/7613B800-61FF-4320-8DEF-4A3711D5E41C?ref_=ast_bln,"16,999",https://www.amazon.in/Samsung-Galaxy-Storage-Months-Replacement/dp/B096VD6RQG/ref=sr_1_73?keywords=smartphone&qid=1637600207&sr=8-73,"Save ₹2,000 (11%)"
"Tecno POVA 2 (Polar Silver, 4GB RAM, 64GB Storage)| 7000mAh Battery | 48MP Camera | Helio G85",https://www.amazon.in/Tecno-POVA-Storage-7000mAh-Battery/dp/B09B42DJGW/ref=sr_1_74?keywords=smartphone&qid=1637600207&sr=8-74,Appario Retail Private Ltd,https://www.amazon.in/sp?marketplaceID=A21TJRUUN4KGV&seller=A14CZOWI0VEHLG&isAmazonFulfilled=1&ref=dp_merchant_link,Visit the Tecno Store,https://www.amazon.in/stores/TECNOMobileIndia/page/8EA883B3-BC24-4BDB-8FC5-3E18AE3123AA?ref_=ast_bln,"11,999",https://www.amazon.in/Tecno-POVA-Storage-7000mAh-Battery/dp/B09B42DJGW/ref=sr_1_74?keywords=smartphone&qid=1637600207&sr=8-74,"Save ₹1,500 (11%)"
"iQOO Z3 5G (Cyber Blue, 8GB RAM, 256GB Storage) | India's First SD 768G 5G Processor | 55W FlashCharge | Upto 9 Months No Cost EMI | 6 Months Free Screen Replacement",https://www.amazon.in/iQOO-Storage-Processor-FlashCharge-Replacement/dp/B07WGP1S6V/ref=sr_1_75?keywords=smartphone&qid=1637600207&sr=8-75,Darshita Etel,https://www.amazon.in/sp?marketplaceID=A21TJRUUN4KGV&seller=AQUYM0O99MFUT&isAmazonFulfilled=1&ref=dp_merchant_link,Visit the iQOO Store,https://www.amazon.in/stores/iQOO/page/291C27A4-502A-463E-A273-D2C362AF312A?ref_=ast_bln,"22,990",https://www.amazon.in/iQOO-Storage-Processor-FlashCharge-Replacement/dp/B07WGP1S6V/ref=sr_1_75?keywords=smartphone&qid=1637600207&sr=8-75,"Save ₹4,000 (15%)"
"Redmi 9 Power (Mighty Black, 6GB RAM, 128GB Storage) - 6000mAh Battery |FHD+ Screen| 48MP Quad Camera | Snapdragon 662 Processor | Alexa Hands-Free Capable",https://www.amazon.in/Test-Exclusive_2020_1138-Multi-3GB-Storage/dp/B089MTR9JW/ref=sr_1_76?keywords=smartphone&qid=1637600207&sr=8-76,Darshita Etel,https://www.amazon.in/sp?marketplaceID=A21TJRUUN4KGV&seller=AQUYM0O99MFUT&isAmazonFulfilled=1&ref=dp_merchant_link,Visit the Redmi Store,https://www.amazon.in/stores/Xiaomi/page/7E426C3E-B7D6-4EFA-B615-36E9FF5C0F1C?ref_=ast_bln,,,
"Tecno Spark Go 2021 (Horizon Orange, 2GB RAM, 32GB Storage) | 5000mAh| 6.52"" Display Smartphone",https://www.amazon.in/Tecno-Spark-Go-2021-32GB/dp/B097T63ZZJ/ref=sr_1_77?keywords=smartphone&qid=1637600207&sr=8-77,Appario Retail Private Ltd,https://www.amazon.in/sp?marketplaceID=A21TJRUUN4KGV&seller=A14CZOWI0VEHLG&isAmazonFulfilled=1&ref=dp_merchant_link,Visit the Tecno Store,https://www.amazon.in/stores/TECNOMobileIndia/page/8EA883B3-BC24-4BDB-8FC5-3E18AE3123AA?ref_=ast_bln,"7,299",https://www.amazon.in/Tecno-Spark-Go-2021-32GB/dp/B097T63ZZJ/ref=sr_1_77?keywords=smartphone&qid=1637600207&sr=8-77,"Save ₹1,700 (19%)"
"Realme C25Y (Glacier Blue, 4GB RAM, 64GB Storage)",https://www.amazon.in/Realme-C25Y-Glacier-Blue-Storage/dp/B09LQKHJ7Z/ref=sr_1_78?keywords=smartphone&qid=1637600207&sr=8-78,SARFBazaar,https://www.amazon.in/sp?marketplaceID=A21TJRUUN4KGV&seller=A31NDQ9OS5AWQ&isAmazonFulfilled=1&ref=dp_merchant_link,Brand: realme,https://www.amazon.in/realme/b/ref=bl_dp_s_web_17500809031?ie=UTF8&node=17500809031&field-lbr_brands_browse-bin=realme,"10,950",https://www.amazon.in/Realme-C25Y-Glacier-Blue-Storage/dp/B09LQKHJ7Z/ref=sr_1_78?keywords=smartphone&qid=1637600207&sr=8-78,"Save ₹2,049 (16%)"
"realme narzo 50A (Oxygen Green, 4GB RAM + 64GB Storage) - with No Cost EMI/Additional Exchange Offers",https://www.amazon.in/realme-narzo-Oxygen-Green-Storage/dp/B09FKCGP9T/ref=sr_1_79?keywords=smartphone&qid=1637600207&sr=8-79,,,,,"11,499",https://www.amazon.in/realme-narzo-Oxygen-Green-Storage/dp/B09FKCGP9T/ref=sr_1_79?keywords=smartphone&qid=1637600207&sr=8-79,"Save ₹1,500 (12%)"
